ticker,strategy,Final [EUR],Total Return [%],CAGR [%],Vol (ann.) [%],Sharpe,Sortino,Max Drawdown [%],Calmar,Worst Year [%],Best Year [%],Years,dividends,interest,short_premium_received,short_buyback_paid,short_settle_paid,commissions,spread_cost,stock_fees,ftt,n_assignments,n_short_cycles,n_leaps_rolls,n_trades,min_cash
AI.PA,PMCC,1009354.0,918.2,16.23,16.4,0.7,1.0,-22.3,0.73,-14.7,39.3,15.4,0.0,205085.0,865542.0,62814.0,398626.0,26521.0,108748.0,0.0,0.0,40,198,12,237,69875.0
AI.PA,PMCC_budget,7691449.0,7760.8,32.68,39.0,0.78,1.14,-53.9,0.61,-38.4,104.2,15.4,0.0,373584.0,11688634.0,906430.0,6217098.0,297043.0,1439998.0,0.0,0.0,40,198,12,237,24701.0
AI.PA,CoveredCall,1730893.0,1636.0,20.31,20.5,0.76,0.99,-32.1,0.63,-19.1,47.9,15.4,269880.0,2572.0,1277847.0,8399.0,635464.0,31232.0,54040.0,69178.0,67116.0,40,186,0,416,12.0
AI.PA,BuyHold,655603.0,556.3,12.96,25.1,0.42,0.61,-38.6,0.34,-26.2,32.8,15.4,128783.0,20.0,0.0,0.0,0.0,0.0,0.0,885.0,156.0,0,0,0,1976,0.0
AI.PA,LeapsOnly,360811.0,263.2,8.72,22.0,0.28,0.44,-32.6,0.27,-24.5,28.0,15.4,0.0,97898.0,0.0,0.0,0.0,1673.0,33724.0,0.0,0.0,0,0,12,26,63507.0
AIR.PA,PMCC,607814.0,515.2,14.11,22.2,0.49,0.68,-48.7,0.29,-22.2,67.9,13.8,0.0,107928.0,743763.0,39039.0,573840.0,39417.0,117786.0,0.0,0.0,38,173,11,208,34514.0
AIR.PA,PMCC_budget,483118.0,394.7,12.32,46.1,0.38,0.53,-88.7,0.14,-64.4,116.5,13.8,0.0,37728.0,1057970.0,49049.0,739211.0,55498.0,166440.0,0.0,0.0,38,173,12,209,1528.0
AIR.PA,CoveredCall,1119263.0,1023.9,19.21,30.5,0.57,0.7,-60.7,0.32,-34.0,102.5,13.8,72042.0,1111.0,991815.0,1583.0,836835.0,40700.0,69771.0,38949.0,37013.0,38,166,0,387,6.0
AIR.PA,BuyHold,506891.0,407.4,12.52,37.6,0.37,0.54,-74.8,0.17,-43.9,98.4,13.8,35510.0,8.0,0.0,0.0,0.0,0.0,0.0,643.0,50.0,0,0,0,1330,0.0
AIR.PA,LeapsOnly,310711.0,213.5,8.65,30.6,0.27,0.46,-64.2,0.13,-32.4,78.9,13.8,0.0,58496.0,0.0,0.0,0.0,2702.0,32493.0,0.0,0.0,0,0,11,24,37583.0
BN.PA,PMCC,451048.0,355.1,10.32,14.8,0.42,0.59,-21.9,0.47,-11.8,26.5,15.4,0.0,118902.0,431829.0,32373.0,236783.0,21268.0,68877.0,0.0,0.0,40,196,12,234,65773.0
BN.PA,PMCC_budget,1197628.0,1121.6,17.61,37.8,0.49,0.7,-56.0,0.31,-34.3,54.4,15.4,0.0,90021.0,2289577.0,168098.0,1317377.0,106773.0,358947.0,0.0,0.0,40,196,12,234,25323.0
BN.PA,CoveredCall,667706.0,569.4,13.11,19.0,0.49,0.62,-35.4,0.37,-17.0,29.6,15.4,157107.0,1698.0,551002.0,2021.0,327972.0,22143.0,37959.0,29266.0,18971.0,41,186,0,378,10.0
BN.PA,BuyHold,346825.0,247.2,8.4,23.7,0.26,0.38,-46.0,0.18,-28.2,37.8,15.4,97018.0,15.0,0.0,0.0,0.0,0.0,0.0,544.0,96.0,0,0,0,2009,0.0
BN.PA,LeapsOnly,215340.0,116.9,5.15,20.0,0.12,0.2,-37.7,0.14,-24.6,34.4,15.4,0.0,69824.0,0.0,0.0,0.0,1494.0,22124.0,0.0,0.0,0,0,12,26,53904.0
BNP.PA,PMCC,551767.0,455.8,11.75,22.2,0.4,0.58,-36.9,0.32,-16.9,63.4,15.4,0.0,118690.0,760904.0,44872.0,342885.0,21380.0,85616.0,0.0,0.0,28,197,12,236,60064.0
BNP.PA,PMCC_budget,651681.0,563.7,13.05,44.1,0.39,0.59,-68.2,0.19,-47.6,120.8,15.4,0.0,66790.0,1639704.0,92279.0,763666.0,46571.0,187738.0,0.0,0.0,28,197,12,236,18725.0
BNP.PA,CoveredCall,751628.0,653.1,13.98,32.5,0.42,0.53,-65.6,0.21,-46.9,114.1,15.4,193315.0,2066.0,874213.0,603.0,429890.0,20450.0,35072.0,21694.0,16155.0,30,186,0,377,12.0
BNP.PA,BuyHold,194379.0,94.6,4.41,38.6,0.19,0.26,-75.4,0.06,-57.1,94.3,15.4,87707.0,18.0,0.0,0.0,0.0,0.0,0.0,382.0,70.0,0,0,0,1646,0.0
BNP.PA,LeapsOnly,131697.0,32.5,1.84,29.6,0.06,0.09,-60.5,0.03,-33.6,50.5,15.4,0.0,51728.0,0.0,0.0,0.0,1071.0,22539.0,0.0,0.0,0,0,12,26,43794.0
CA.PA,PMCC,175444.0,76.9,3.76,16.2,0.03,0.04,-41.4,0.09,-21.6,45.5,15.4,0.0,55920.0,251111.0,15513.0,118657.0,13468.0,38281.0,0.0,0.0,29,191,12,228,46253.0
CA.PA,PMCC_budget,52730.0,-46.4,-3.96,39.6,-0.01,-0.02,-85.4,-0.05,-65.6,95.0,15.4,0.0,13868.0,305541.0,14642.0,158117.0,14858.0,43022.0,0.0,0.0,29,191,13,229,236.0
CA.PA,CoveredCall,181569.0,81.8,3.95,24.6,0.1,0.12,-54.4,0.07,-37.6,57.4,15.4,54839.0,1283.0,258601.0,1257.0,131685.0,11106.0,19049.0,7426.0,4137.0,30,186,0,321,3.0
CA.PA,BuyHold,57111.0,-42.8,-3.56,30.2,-0.11,-0.16,-77.9,-0.05,-47.1,52.8,15.4,29441.0,13.0,0.0,0.0,0.0,0.0,0.0,186.0,17.0,0,0,0,825,0.0
CA.PA,LeapsOnly,59722.0,-39.8,-3.24,21.8,-0.24,-0.41,-69.6,-0.05,-28.4,42.6,15.4,0.0,28631.0,0.0,0.0,0.0,756.0,9006.0,0.0,0.0,0,0,12,26,28524.0
CS.PA,PMCC,401309.0,305.4,9.49,25.7,0.3,0.43,-50.4,0.19,-25.6,62.1,15.4,0.0,71748.0,502131.0,34140.0,334294.0,47955.0,112290.0,0.0,0.0,40,198,12,237,31682.0
CS.PA,PMCC_budget,236750.0,141.9,5.89,50.7,0.27,0.39,-88.7,0.07,-46.4,88.3,15.4,0.0,18100.0,533006.0,34361.0,374279.0,49270.0,115805.0,0.0,0.0,40,198,15,240,133.0
CS.PA,CoveredCall,465225.0,366.7,10.5,36.3,0.33,0.42,-75.0,0.14,-38.0,82.8,15.4,120600.0,673.0,444892.0,984.0,332302.0,34634.0,59373.0,17316.0,13945.0,42,186,0,466,4.0
CS.PA,BuyHold,240455.0,140.7,5.86,43.3,0.24,0.35,-77.5,0.08,-41.7,71.1,15.4,76231.0,5.0,0.0,0.0,0.0,0.0,0.0,417.0,77.0,0,0,0,3506,0.0
CS.PA,LeapsOnly,177178.0,78.6,3.83,33.7,0.14,0.24,-66.4,0.06,-35.9,60.1,15.4,0.0,40690.0,0.0,0.0,0.0,3150.0,22024.0,0.0,0.0,0,0,12,26,21557.0
DG.PA,PMCC,1222870.0,1143.1,17.74,18.0,0.72,1.0,-35.9,0.49,-19.8,43.8,15.4,0.0,210212.0,1112323.0,65170.0,605228.0,56264.0,174174.0,0.0,0.0,50,198,12,237,53850.0
DG.PA,PMCC_budget,6174343.0,6269.1,30.89,38.8,0.75,1.05,-70.1,0.44,-47.8,115.3,15.4,0.0,281122.0,7214362.0,433427.0,3437014.0,320423.0,1111946.0,0.0,0.0,51,198,18,243,-1434.0
DG.PA,CoveredCall,2246512.0,2162.5,22.4,23.5,0.76,0.98,-53.9,0.42,-28.6,62.4,15.4,425538.0,1699.0,1593769.0,2255.0,856418.0,63420.0,108720.0,65189.0,44976.0,49,186,0,521,6.0
DG.PA,BuyHold,1394220.0,1295.6,18.62,29.6,0.56,0.84,-61.3,0.3,-38.5,82.0,15.4,369130.0,11.0,0.0,0.0,0.0,0.0,0.0,1864.0,415.0,0,0,0,4029,0.0
DG.PA,LeapsOnly,691212.0,598.4,13.42,25.0,0.43,0.73,-48.7,0.28,-32.5,70.9,15.4,0.0,169954.0,0.0,0.0,0.0,5562.0,73166.0,0.0,0.0,0,0,12,26,59019.0
FP.PA,PMCC,308918.0,211.9,7.65,16.3,0.25,0.34,-30.9,0.25,-18.1,28.8,15.4,0.0,93953.0,419971.0,24149.0,318921.0,20965.0,64247.0,0.0,0.0,42,198,12,237,55730.0
FP.PA,PMCC_budget,328040.0,234.6,8.14,44.3,0.29,0.4,-76.9,0.11,-50.5,55.3,15.4,0.0,40207.0,1185321.0,61854.0,890284.0,57250.0,176554.0,0.0,0.0,42,198,17,242,-222.0
FP.PA,CoveredCall,462510.0,363.8,10.45,21.5,0.35,0.44,-41.8,0.25,-24.5,34.4,15.4,216731.0,1474.0,533016.0,139.0,419976.0,21707.0,37212.0,23435.0,13768.0,42,186,0,416,8.0
FP.PA,BuyHold,340752.0,241.1,8.27,26.7,0.26,0.37,-45.4,0.18,-28.2,52.1,15.4,183895.0,13.0,0.0,0.0,0.0,0.0,0.0,625.0,176.0,0,0,0,3395,0.0
FP.PA,LeapsOnly,211916.0,113.6,5.04,21.8,0.12,0.2,-39.2,0.13,-22.2,44.9,15.4,0.0,76879.0,0.0,0.0,0.0,1939.0,26482.0,0.0,0.0,0,0,12,26,52360.0
GLE.PA,PMCC,282589.0,184.7,7.01,23.9,0.21,0.31,-52.6,0.13,-30.9,52.7,15.4,0.0,87082.0,589754.0,37863.0,412005.0,15978.0,63898.0,0.0,0.0,37,194,12,232,62037.0
GLE.PA,PMCC_budget,140331.0,42.8,2.33,46.5,0.18,0.27,-90.1,0.03,-61.1,77.9,15.4,0.0,36968.0,998133.0,63677.0,883910.0,22734.0,106395.0,0.0,0.0,37,194,17,237,-79.0
GLE.PA,CoveredCall,270447.0,170.9,6.67,35.3,0.23,0.28,-82.6,0.08,-57.4,67.3,15.4,106535.0,2333.0,568591.0,561.0,462753.0,12017.0,21019.0,16653.0,6094.0,39,186,0,358,28.0
GLE.PA,BuyHold,111600.0,11.7,0.72,42.7,0.13,0.18,-88.3,0.01,-62.3,64.7,15.4,63493.0,21.0,0.0,0.0,0.0,0.0,0.0,275.0,32.0,0,0,0,1070,0.0
GLE.PA,LeapsOnly,98794.0,-0.5,-0.03,31.9,0.02,0.03,-80.2,-0.0,-50.1,53.3,15.4,0.0,46988.0,0.0,0.0,0.0,900.0,20164.0,0.0,0.0,0,0,12,26,29340.0
MC.PA,PMCC,452999.0,356.2,10.33,19.3,0.36,0.53,-36.6,0.28,-17.5,59.4,15.4,0.0,109852.0,543892.0,35779.0,362933.0,10397.0,58887.0,0.0,0.0,32,196,12,234,46043.0
MC.PA,PMCC_budget,470112.0,377.8,10.67,43.4,0.34,0.52,-67.6,0.16,-53.7,145.8,15.4,0.0,45443.0,1272285.0,83108.0,934130.0,23184.0,138728.0,0.0,0.0,32,196,13,235,4238.0
MC.PA,CoveredCall,488572.0,389.3,10.84,25.1,0.35,0.45,-63.0,0.17,-36.5,88.4,15.4,63312.0,2868.0,481252.0,3427.0,356616.0,7360.0,13732.0,18181.0,11984.0,37,186,0,290,28.0
MC.PA,BuyHold,213143.0,113.4,5.03,31.6,0.17,0.25,-70.6,0.07,-40.4,68.3,15.4,32731.0,30.0,0.0,0.0,0.0,0.0,0.0,346.0,38.0,0,0,0,371,0.0
MC.PA,LeapsOnly,183139.0,84.3,4.04,25.0,0.1,0.17,-47.0,0.09,-29.4,48.7,15.4,0.0,54520.0,0.0,0.0,0.0,634.0,20569.0,0.0,0.0,0,0,12,26,36170.0
OR.PA,PMCC,426614.0,329.9,9.91,15.5,0.38,0.56,-27.9,0.35,-21.2,44.2,15.4,0.0,91084.0,390588.0,28076.0,212371.0,8153.0,41926.0,0.0,0.0,38,195,12,233,66380.0
OR.PA,PMCC_budget,913288.0,828.1,15.53,40.1,0.44,0.67,-66.6,0.23,-51.7,115.3,15.4,0.0,48034.0,1503127.0,103104.0,1025202.0,28065.0,168465.0,0.0,0.0,39,195,16,237,-263.0
OR.PA,CoveredCall,658622.0,559.6,13.0,21.1,0.46,0.6,-43.5,0.3,-26.9,45.6,15.4,64202.0,2924.0,524434.0,1197.0,308556.0,9168.0,16272.0,23719.0,19957.0,38,186,0,293,29.0
OR.PA,BuyHold,235872.0,136.1,5.72,25.9,0.17,0.25,-51.8,0.11,-35.2,32.8,15.4,28639.0,29.0,0.0,0.0,0.0,0.0,0.0,364.0,32.0,0,0,0,331,0.0
OR.PA,LeapsOnly,141278.0,42.3,2.31,20.6,-0.0,-0.01,-52.1,0.04,-30.8,35.2,15.4,0.0,40341.0,0.0,0.0,0.0,427.0,12386.0,0.0,0.0,0,0,12,26,40151.0
ORA.PA,PMCC,68367.0,-31.0,-2.37,17.7,-0.29,-0.41,-61.1,-0.04,-42.4,40.1,15.4,0.0,26854.0,132869.0,9301.0,73994.0,13407.0,30657.0,0.0,0.0,35,191,12,229,24620.0
ORA.PA,PMCC_budget,18493.0,-81.2,-10.27,38.9,-0.19,-0.28,-94.6,-0.11,-55.6,99.8,15.4,0.0,7956.0,130816.0,7932.0,61324.0,12064.0,28046.0,0.0,0.0,35,191,14,231,161.0
ORA.PA,CoveredCall,57618.0,-42.3,-3.5,29.7,-0.12,-0.15,-90.5,-0.04,-53.9,54.7,15.4,35503.0,739.0,102155.0,464.0,62903.0,7942.0,13756.0,3067.0,1653.0,37,186,0,302,2.0
ORA.PA,BuyHold,25949.0,-74.0,-8.36,37.4,-0.16,-0.23,-95.2,-0.09,-60.9,66.2,15.4,18245.0,7.0,0.0,0.0,0.0,0.0,0.0,144.0,10.0,0,0,0,990,0.0
ORA.PA,LeapsOnly,30154.0,-69.6,-7.42,23.8,-0.38,-0.62,-85.6,-0.09,-52.6,52.1,15.4,0.0,13870.0,0.0,0.0,0.0,704.0,5546.0,0.0,0.0,0,0,12,26,12841.0
SAF.PA,PMCC,271604.0,174.3,10.59,20.5,0.36,0.48,-42.7,0.25,-15.7,71.4,10.0,0.0,38073.0,228274.0,15893.0,183026.0,14189.0,41723.0,0.0,0.0,26,127,8,154,26165.0
SAF.PA,PMCC_budget,226544.0,131.7,8.74,42.1,0.3,0.41,-81.2,0.11,-42.7,105.4,10.0,0.0,10817.0,320645.0,22326.0,266761.0,19854.0,60520.0,0.0,0.0,26,127,12,158,-142.0
SAF.PA,CoveredCall,403255.0,304.6,14.96,27.8,0.47,0.56,-59.2,0.25,-26.9,74.7,10.0,28818.0,708.0,256413.0,1622.0,222826.0,12703.0,21777.0,11457.0,11863.0,28,121,0,249,9.0
SAF.PA,BuyHold,374150.0,274.5,14.08,34.7,0.41,0.59,-69.3,0.2,-28.7,96.9,10.0,26479.0,6.0,0.0,0.0,0.0,0.0,0.0,501.0,48.0,0,0,0,922,0.0
SAF.PA,LeapsOnly,216624.0,118.2,8.1,28.1,0.25,0.42,-61.6,0.13,-25.0,87.7,10.0,0.0,30786.0,0.0,0.0,0.0,1368.0,16549.0,0.0,0.0,0,0,8,18,32493.0
SAN.PA,PMCC,462105.0,366.3,10.49,16.7,0.4,0.56,-27.7,0.38,-13.7,34.9,15.4,0.0,115651.0,530776.0,27670.0,296266.0,15382.0,62983.0,0.0,0.0,38,198,12,237,58845.0
SAN.PA,PMCC_budget,770333.0,683.5,14.27,40.1,0.41,0.58,-68.7,0.21,-30.9,78.4,15.4,0.0,66457.0,1767955.0,95889.0,1037008.0,50600.0,215512.0,0.0,0.0,38,198,13,238,2537.0
SAN.PA,CoveredCall,599971.0,501.1,12.32,22.4,0.42,0.53,-39.0,0.32,-21.5,34.7,15.4,157088.0,2330.0,619959.0,2857.0,384298.0,14779.0,25347.0,25831.0,17070.0,38,186,0,348,20.0
SAN.PA,BuyHold,234387.0,134.6,5.68,27.5,0.17,0.25,-50.8,0.11,-29.8,32.7,15.4,77909.0,22.0,0.0,0.0,0.0,0.0,0.0,412.0,80.0,0,0,0,1231,0.0
SAN.PA,LeapsOnly,157138.0,58.4,3.03,22.0,0.04,0.07,-46.9,0.06,-29.5,30.2,15.4,0.0,52545.0,0.0,0.0,0.0,808.0,18648.0,0.0,0.0,0,0,12,26,56063.0
SGO.PA,PMCC,445537.0,349.7,10.23,21.3,0.34,0.49,-42.7,0.24,-23.0,58.0,15.4,0.0,116669.0,690355.0,44145.0,332828.0,27445.0,89823.0,0.0,0.0,26,196,12,235,58555.0
SGO.PA,PMCC_budget,436506.0,344.7,10.15,44.8,0.33,0.49,-80.9,0.13,-58.3,96.3,15.4,0.0,59521.0,1561966.0,92938.0,803230.0,62162.0,203227.0,0.0,0.0,26,196,12,235,10233.0
SGO.PA,CoveredCall,582298.0,483.6,12.11,31.4,0.37,0.45,-73.9,0.16,-41.6,77.2,15.4,150542.0,1695.0,766596.0,874.0,439408.0,24943.0,42759.0,19273.0,9920.0,29,186,0,396,3.0
SGO.PA,BuyHold,179119.0,79.3,3.86,37.1,0.17,0.23,-78.4,0.05,-45.5,45.2,15.4,69613.0,14.0,0.0,0.0,0.0,0.0,0.0,349.0,52.0,0,0,0,1722,0.0
SGO.PA,LeapsOnly,119691.0,20.6,1.22,27.9,0.02,0.04,-57.5,0.02,-33.4,33.4,15.4,0.0,49079.0,0.0,0.0,0.0,1334.0,20617.0,0.0,0.0,0,0,12,26,41269.0
SU.PA,PMCC,564468.0,469.9,11.94,21.5,0.41,0.6,-31.2,0.38,-16.5,70.3,15.4,0.0,128385.0,801984.0,46188.0,470214.0,30298.0,101624.0,0.0,0.0,34,198,12,237,37929.0
SU.PA,PMCC_budget,736994.0,651.6,13.96,44.0,0.41,0.59,-72.1,0.19,-50.9,136.5,15.4,0.0,84218.0,2456394.0,151344.0,1491657.0,87407.0,307991.0,0.0,0.0,34,198,13,238,788.0
SU.PA,CoveredCall,793914.0,696.0,14.39,28.4,0.44,0.57,-48.9,0.29,-30.0,92.7,15.4,158968.0,1582.0,894868.0,855.0,561841.0,26848.0,46026.0,23945.0,19188.0,32,186,0,409,5.0
SU.PA,BuyHold,288737.0,189.0,7.12,34.3,0.24,0.34,-60.1,0.12,-37.6,75.2,15.4,75085.0,13.0,0.0,0.0,0.0,0.0,0.0,464.0,92.0,0,0,0,1875,0.0
SU.PA,LeapsOnly,190952.0,92.5,4.33,28.4,0.13,0.21,-48.2,0.09,-30.0,59.8,15.4,0.0,58835.0,0.0,0.0,0.0,1768.0,25589.0,0.0,0.0,0,0,12,26,35565.0
VIV.PA,PMCC,129228.0,30.7,1.75,17.2,-0.07,-0.1,-59.7,0.03,-41.7,24.5,15.4,0.0,41085.0,181579.0,14155.0,80694.0,17552.0,41723.0,0.0,0.0,30,192,12,230,26578.0
VIV.PA,PMCC_budget,41416.0,-57.9,-5.46,43.3,-0.02,-0.03,-85.0,-0.06,-60.5,34.3,15.4,0.0,10421.0,201633.0,13676.0,99569.0,18844.0,45069.0,0.0,0.0,30,192,12,230,1870.0
VIV.PA,CoveredCall,140552.0,40.8,2.24,30.1,0.08,0.09,-83.8,0.03,-70.1,55.2,15.4,51815.0,796.0,169845.0,336.0,80967.0,13127.0,22526.0,5692.0,3537.0,31,186,0,330,2.0
VIV.PA,BuyHold,44508.0,-55.4,-5.1,35.8,-0.08,-0.1,-90.4,-0.06,-74.9,25.2,15.4,23212.0,8.0,0.0,0.0,0.0,0.0,0.0,168.0,16.0,0,0,0,1077,0.0
VIV.PA,LeapsOnly,42898.0,-56.6,-5.27,22.4,-0.32,-0.52,-76.7,-0.07,-50.5,14.2,15.4,0.0,18401.0,0.0,0.0,0.0,847.0,7061.0,0.0,0.0,0,0,12,26,15386.0
